V1,company_id,vertical,incorporation_date,date,mandates,payments,incorporation_time,churn,leading_indicator,binary,probs
94,98,freelance developer,2013-09-10,2014-02-01,0,0,1.2,1,0,1,0.636193508276852
148,157,freelance developer,2013-09-27,2014-02-01,0,0,1.2,1,0,1,0.636193508276852
177,188,accountancy,2013-02-16,2014-02-01,0,0,1.8,1,0,1,0.586644972079292
187,198,freelance developer,2013-07-26,2014-02-01,0,0,1.3,1,0,1,0.630200785205618
195,206,freelance developer,2013-10-15,2014-02-01,0,0,1.1,1,0,1,0.642144262893574
229,243,gym/fitness,2013-08-19,2014-02-01,0,0,1.3,1,0,0,0.325226034971244
265,291,freelance developer,2013-09-23,2014-02-01,0,0,1.2,1,0,1,0.636193508276852
413,454,accountancy,2012-07-27,2014-02-01,0,0,2.3,1,0,1,0.555051173722393
453,499,freelance developer,2013-06-25,2014-02-01,0,0,1.4,1,0,1,0.624167663660593
461,509,accountancy,2013-05-13,2014-02-01,0,0,1.6,1,0,1,0.599100294340552
507,560,accountancy,2013-10-05,2014-02-01,0,0,1.2,1,0,1,0.623616559035882
525,579,freelance developer,2013-09-17,2014-02-01,0,0,1.2,1,0,1,0.636193508276852
589,654,freelance developer,2013-01-14,2014-02-01,0,0,1.9,1,0,1,0.593454324562781
721,795,freelance developer,2013-10-20,2014-02-01,0,0,1.1,1,0,1,0.642144262893574
726,801,freelance developer,2009-07-27,2014-02-01,0,0,5.3,1,0,0,0.377771671621621
751,834,freelance developer,2004-05-11,2014-02-01,0,0,10.5,1,0,0,0.136963656624793
754,838,freelance developer,2012-08-21,2014-02-01,0,0,2.3,1,0,1,0.568333335395381
819,915,freelance developer,2010-07-26,2014-02-01,0,0,4.3,1,0,0,0.440041585217367
10,12,freelance developer,2006-06-04,2014-03-01,0,0,8.5,1,0,0,0.210038480368621
31,33,gym/fitness,2013-08-09,2014-03-01,0,0,1.3,1,0,0,0.325226034971244
40,43,freelance developer,2008-05-15,2014-03-01,0,0,6.5,1,0,0,0.308179148991623
96,101,gym/fitness,2005-09-23,2014-03-01,0,0,9.2,1,0,0,0.0590644294666679
116,122,gym/fitness,2013-07-11,2014-03-01,0,0,1.4,1,0,0,0.319589328601515
119,125,accountancy,2007-03-11,2014-03-01,0,0,7.7,1,0,0,0.236452537819709
298,328,gym/fitness,2013-03-22,2014-03-01,0,0,1.7,1,0,0,0.302996985810545
325,359,accountancy,2013-12-10,2014-03-01,0,0,1,1,0,1,0.635649744098679
329,364,freelance developer,2006-12-26,2014-03-01,0,0,7.9,1,0,0,0.236876825962329
340,376,freelance developer,2013-02-10,2014-03-01,0,0,1.8,1,0,1,0.599664251583576
353,389,accountancy,2012-04-28,2014-03-01,0,0,2.6,1,0,1,0.535861785071628
492,544,freelance developer,2012-02-17,2014-03-01,0,0,2.8,1,0,1,0.536445869347832
495,548,freelance developer,2012-01-24,2014-03-01,0,0,2.8,1,0,1,0.536445869347832
671,743,freelance developer,2013-07-31,2014-03-01,0,0,1.3,1,0,1,0.630200785205618
687,759,freelance developer,2013-05-05,2014-03-01,0,0,1.6,1,0,1,0.611986745139649
708,781,accountancy,2013-08-10,2014-03-01,0,0,1.3,1,0,1,0.617541209392872
729,805,accountancy,2004-07-23,2014-03-01,0,0,10.3,1,0,0,0.136686275906185
782,872,gym/fitness,2013-04-01,2014-03-01,0,0,1.7,1,0,0,0.302996985810545
806,901,accountancy,2003-10-18,2014-03-01,0,0,11.1,1,0,0,0.114102014222881
825,922,accountancy,2013-04-21,2014-03-01,0,0,1.6,1,0,1,0.599100294340552
864,963,accountancy,2009-04-10,2014-03-01,0,0,5.6,1,0,0,0.34742490319304
891,990,freelance developer,2013-11-13,2014-03-01,0,0,1,1,0,1,0.648051528722994
41,44,gym/fitness,2013-12-16,2014-04-01,0,0,1,1,0,0,0.342437607770364
49,52,accountancy,2013-02-13,2014-04-01,0,0,1.8,1,0,1,0.586644972079292
53,56,gym/fitness,2008-11-10,2014-04-01,0,0,6,1,0,0,0.125365846169325
55,58,accountancy,2013-05-19,2014-04-01,0,0,1.5,1,0,1,0.60528134089417
118,124,accountancy,2004-04-08,2014-04-01,0,0,10.6,1,0,0,0.127806158395129
130,137,accountancy,2012-06-03,2014-04-01,0,0,2.5,1,0,1,0.542272909824227
214,226,freelance developer,2013-12-05,2014-04-01,0,0,1,1,0,1,0.648051528722994
220,232,freelance developer,2013-08-06,2014-04-01,0,0,1.3,1,0,1,0.630200785205618
291,320,gym/fitness,2006-12-05,2014-04-01,0,0,8,1,0,0,0.078810671671308
313,344,accountancy,2004-08-10,2014-04-01,0,0,10.3,1,0,0,0.136686275906185
337,372,gym/fitness,2012-11-25,2014-04-01,0,0,2,1,0,0,0.286902844956487
343,379,accountancy,2012-09-22,2014-04-01,0,0,2.2,1,0,1,0.561414181224147
364,402,accountancy,2011-04-19,2014-04-01,0,0,3.6,1,0,0,0.471448599558239
386,426,freelance developer,2013-02-08,2014-04-01,0,0,1.8,1,0,1,0.599664251583576
392,432,freelance developer,2013-05-02,2014-04-01,0,0,1.6,1,0,1,0.611986745139649
443,488,accountancy,2013-05-31,2014-04-01,0,0,1.5,1,0,1,0.60528134089417
447,493,accountancy,2010-03-12,2014-04-01,0,0,4.7,1,0,0,0.401755408908983
458,506,freelance developer,2012-03-02,2014-04-01,0,0,2.7,1,0,1,0.542855808928274
478,527,gym/fitness,2010-09-05,2014-04-01,0,0,4.2,1,0,0,0.18571056464791
516,570,gym/fitness,2013-09-23,2014-04-01,0,0,1.2,1,1,1,0.999999969290709
521,575,accountancy,2012-09-06,2014-04-01,0,0,2.2,1,0,1,0.561414181224147
562,621,accountancy,2013-06-08,2014-04-01,0,0,1.5,1,0,1,0.60528134089417
590,655,accountancy,2007-11-23,2014-04-01,0,0,7,1,0,0,0.270593975538556
596,663,accountancy,2012-04-25,2014-04-01,0,0,2.6,1,0,1,0.535861785071628
653,723,accountancy,2012-09-13,2014-04-01,0,0,2.2,1,0,1,0.561414181224147
718,791,accountancy,2011-04-29,2014-04-01,0,0,3.6,1,0,0,0.471448599558239
723,797,freelance developer,2012-03-14,2014-04-01,0,0,2.7,1,0,1,0.542855808928274
734,810,freelance developer,2013-04-10,2014-04-01,0,0,1.6,1,0,1,0.611986745139649
793,883,accountancy,2013-05-13,2014-04-01,0,0,1.6,1,0,1,0.599100294340552
816,912,freelance developer,2012-06-30,2014-04-01,0,0,2.4,1,0,1,0.561992393495462
879,978,freelance developer,2013-12-14,2014-04-01,0,0,1,1,1,1,0.999999991751553
897,996,freelance developer,2013-03-06,2014-04-01,0,0,1.7,1,0,1,0.605842323697264
62,66,freelance developer,2013-07-28,2014-05-01,0,0,1.3,1,0,1,0.630200785205618
75,79,freelance developer,2012-10-17,2014-05-01,0,0,2.1,1,0,1,0.580946286219492
117,123,accountancy,2013-09-22,2014-05-01,0,0,1.2,1,0,1,0.623616559035882
153,162,accountancy,2013-01-30,2014-05-01,0,0,1.8,1,0,1,0.586644972079292
167,177,accountancy,2013-11-19,2014-05-01,0,0,1,1,0,1,0.635649744098679
169,179,accountancy,2013-07-21,2014-05-01,0,0,1.4,1,0,1,0.611428898532242
173,184,freelance developer,2013-10-18,2014-05-01,0,0,1.1,1,0,1,0.642144262893574
287,315,accountancy,2013-11-01,2014-05-01,0,0,1.1,1,0,1,0.629653278141956
315,346,accountancy,2013-05-18,2014-05-01,0,0,1.5,1,0,1,0.60528134089417
335,370,freelance developer,2012-08-10,2014-05-01,0,0,2.3,1,0,1,0.568333335395381
370,410,accountancy,2008-12-10,2014-05-01,0,0,6,1,0,0,0.324408028641814
379,419,gym/fitness,2013-02-20,2014-05-01,0,0,1.8,1,0,0,0.297575643103201
382,422,accountancy,2009-12-03,2014-05-01,0,0,5,1,0,0,0.383300315634548
397,437,accountancy,2008-03-29,2014-05-01,0,0,6.7,1,0,0,0.286140354228864
430,474,accountancy,2012-09-11,2014-05-01,0,0,2.2,1,0,1,0.561414181224147
451,497,accountancy,2013-06-22,2014-05-01,0,0,1.4,1,0,1,0.611428898532242
559,618,accountancy,2012-09-21,2014-05-01,0,0,2.2,1,0,1,0.561414181224147
567,626,freelance developer,2012-02-18,2014-05-01,0,0,2.8,1,0,1,0.536445869347832
609,676,freelance developer,2008-03-29,2014-05-01,0,0,6.7,1,0,0,0.297287003126498
613,680,freelance developer,2013-12-10,2014-05-01,0,0,1,1,0,1,0.648051528722994
628,697,gym/fitness,2005-09-13,2014-05-01,0,0,9.2,1,0,0,0.0590644294666679
631,700,gym/fitness,2013-07-26,2014-05-01,0,0,1.3,1,0,0,0.325226034971244
636,705,gym/fitness,2013-11-18,2014-05-01,0,0,1,1,0,0,0.342437607770364
731,807,accountancy,2013-06-07,2014-05-01,0,0,1.5,1,0,1,0.60528134089417
867,966,freelance developer,2009-09-07,2014-05-01,0,0,5.2,1,0,0,0.383855636420958
9,11,freelance developer,2009-07-11,2014-06-01,0,0,5.4,1,0,0,0.37172595906371
18,20,freelance developer,2005-01-18,2014-06-01,0,0,9.9,1,0,0,0.15631224647977
60,64,accountancy,2012-04-04,2014-06-01,0,0,2.7,1,0,1,0.529438785310819
91,95,accountancy,2012-03-31,2014-06-01,0,0,2.7,1,0,1,0.529438785310819
102,108,freelance developer,2013-12-01,2014-06-01,0,0,1,1,0,1,0.648051528722994
143,151,freelance developer,2012-09-12,2014-06-01,0,0,2.2,1,0,1,0.574651957657611
162,172,freelance developer,2013-06-30,2014-06-01,0,0,1.4,1,0,1,0.624167663660593
175,186,freelance developer,2004-12-01,2014-06-01,0,0,10,1,0,0,0.152939556696728
184,195,accountancy,2003-01-23,2014-06-01,0,0,11.8,1,1,1,0.99999985873525
190,201,freelance developer,2013-03-29,2014-06-01,0,0,1.7,1,0,1,0.605842323697264
197,208,freelance developer,2013-08-05,2014-06-01,0,0,1.3,1,0,1,0.630200785205618
202,213,accountancy,2013-07-07,2014-06-01,0,0,1.4,1,0,1,0.611428898532242
231,245,gym/fitness,2013-02-19,2014-06-01,0,0,1.8,1,0,0,0.297575643103201
237,252,freelance developer,2013-10-06,2014-06-01,0,0,1.2,1,0,1,0.636193508276852
243,259,freelance developer,2013-11-22,2014-06-01,0,0,1,1,0,1,0.648051528722994
251,273,freelance developer,2012-01-31,2014-06-01,0,0,2.8,1,0,1,0.536445869347832
316,347,freelance developer,2013-07-30,2014-06-01,0,0,1.3,1,0,1,0.630200785205618
320,354,freelance developer,2013-01-27,2014-06-01,0,0,1.8,1,0,1,0.599664251583576
332,367,accountancy,2013-05-15,2014-06-01,0,0,1.5,1,0,1,0.60528134089417
373,413,accountancy,2013-04-20,2014-06-01,0,0,1.6,1,0,1,0.599100294340552
444,489,freelance developer,2012-11-02,2014-06-01,0,0,2.1,1,0,1,0.580946286219492
481,531,gym/fitness,2013-09-21,2014-06-01,0,0,1.2,1,0,0,0.330913807209355
504,557,accountancy,2013-11-28,2014-06-01,0,0,1,1,0,1,0.635649744098679
520,574,freelance developer,2004-08-26,2014-06-01,0,0,10.3,1,0,0,0.143178633379438
563,622,accountancy,2004-05-30,2014-06-01,0,0,10.5,1,0,0,0.130710122396122
591,656,freelance developer,2012-03-12,2014-06-01,0,0,2.7,1,0,1,0.542855808928274
605,672,accountancy,2013-07-22,2014-06-01,0,0,1.4,1,0,1,0.611428898532242
669,741,gym/fitness,2013-12-03,2014-06-01,0,0,1,1,0,0,0.342437607770364
783,873,freelance developer,2013-08-02,2014-06-01,0,0,1.3,1,0,1,0.630200785205618
834,931,gym/fitness,2013-12-16,2014-06-01,0,0,1,1,0,0,0.342437607770364
835,932,freelance developer,2013-07-07,2014-06-01,0,0,1.4,1,0,1,0.624167663660593
893,992,freelance developer,2013-03-04,2014-06-01,0,0,1.7,1,0,1,0.605842323697264
0,1,gym/fitness,2013-05-30,2014-07-01,0,0,1.5,1,0,0,0.314004854218804
127,133,gym/fitness,2013-01-15,2014-07-01,0,0,1.9,1,0,0,0.29221063471986
134,141,freelance developer,2013-12-26,2014-07-01,0,0,0.9,1,0,1,0.65391383630376
204,215,gym/fitness,2013-03-17,2014-07-01,0,0,1.7,1,0,0,0.302996985810545
293,322,accountancy,2012-12-31,2014-07-01,0,0,1.9,1,0,1,0.580374412388037
303,334,gym/fitness,2012-03-19,2014-07-01,0,0,2.7,1,0,0,0.251412941850328
309,340,freelance developer,2013-05-27,2014-07-01,0,0,1.5,1,0,1,0.618095761928005
338,373,freelance developer,2010-12-16,2014-07-01,0,0,4,1,0,0,0.459194424646149
344,380,accountancy,2013-10-12,2014-07-01,0,0,1.1,1,0,1,0.629653278141956
409,449,accountancy,2012-05-27,2014-07-01,0,0,2.5,1,0,1,0.542272909824227
485,535,accountancy,2012-04-17,2014-07-01,0,0,2.6,1,0,1,0.535861785071628
491,543,accountancy,2005-02-21,2014-07-01,0,0,9.8,1,0,0,0.152635543558853
506,559,freelance developer,2010-08-10,2014-07-01,0,0,4.3,1,0,0,0.440041585217367
535,592,freelance developer,2008-02-17,2014-07-01,0,0,6.8,1,0,0,0.291925035924976
561,620,freelance developer,2013-10-03,2014-07-01,0,0,1.2,1,0,1,0.636193508276852
603,670,accountancy,2013-07-28,2014-07-01,0,0,1.3,1,0,1,0.617541209392872
691,763,accountancy,2013-05-19,2014-07-01,0,0,1.5,1,0,1,0.60528134089417
720,793,accountancy,2003-07-19,2014-07-01,0,0,11.4,1,0,0,0.106508117117017
767,853,accountancy,2007-03-15,2014-07-01,0,0,7.7,1,0,0,0.236452537819709
780,869,accountancy,2012-06-29,2014-07-01,0,0,2.4,1,1,1,0.99999998750646
836,934,freelance developer,2013-07-08,2014-07-01,0,0,1.4,1,0,1,0.624167663660593
36,38,gym/fitness,2004-07-04,2014-08-01,0,0,10.4,1,0,0,0.0440291956444268
37,39,gym/fitness,2012-08-26,2014-08-01,0,0,2.3,1,1,1,0.999999959211854
52,55,accountancy,2012-02-20,2014-08-01,0,0,2.8,1,0,1,0.52300602097046
103,109,gym/fitness,2006-06-04,2014-08-01,0,0,8.5,1,0,0,0.0699388468550991
112,118,accountancy,2005-06-23,2014-08-01,0,0,9.4,1,0,0,0.166468090987711
211,223,gym/fitness,2010-01-17,2014-08-01,0,0,4.9,1,0,0,0.15993077742113
239,254,accountancy,2013-04-14,2014-08-01,0,0,1.6,1,0,1,0.599100294340552
274,300,accountancy,2013-11-11,2014-08-01,0,0,1.1,1,0,1,0.629653278141956
322,356,gym/fitness,2003-03-11,2014-08-01,0,0,11.7,1,0,0,0.0318822147980241
360,398,accountancy,2013-07-12,2014-08-01,0,0,1.4,1,0,1,0.611428898532242
367,405,accountancy,2013-01-21,2014-08-01,0,0,1.9,1,0,1,0.580374412388037
470,518,freelance developer,2013-10-01,2014-08-01,0,0,1.2,1,0,1,0.636193508276852
547,606,freelance developer,2013-10-07,2014-08-01,0,0,1.1,1,0,1,0.642144262893574
666,738,accountancy,2008-04-04,2014-08-01,0,0,6.6,1,0,0,0.291439802871685
674,746,accountancy,2012-02-26,2014-08-01,0,0,2.8,1,0,1,0.52300602097046
759,843,accountancy,2013-12-04,2014-08-01,0,0,1,1,0,1,0.635649744098679
769,856,freelance developer,2008-10-21,2014-08-01,0,0,6.1,1,0,0,0.330608050153843
779,868,freelance developer,2007-11-02,2014-08-01,0,0,7.1,1,0,0,0.276185963675177
814,910,accountancy,2012-11-15,2014-08-01,0,0,2,1,0,1,0.574077791675724
880,979,accountancy,2012-10-29,2014-08-01,0,0,2.1,1,0,1,0.567757055690851
4,5,accountancy,2013-09-18,2014-09-01,0,0,1.2,1,0,1,0.623616559035882
11,13,freelance developer,2012-04-14,2014-09-01,0,0,2.6,1,0,1,0.549251588958685
22,24,accountancy,2013-10-29,2014-09-01,0,0,1.1,1,0,1,0.629653278141956
79,83,accountancy,2013-07-29,2014-09-01,0,0,1.3,1,0,1,0.617541209392872
126,132,accountancy,2013-04-08,2014-09-01,0,0,1.6,1,0,1,0.599100294340552
275,301,accountancy,2013-03-11,2014-09-01,0,0,1.7,1,0,1,0.59288755834557
278,304,freelance developer,2004-05-06,2014-09-01,0,0,10.6,1,0,0,0.133942166162208
304,335,accountancy,2013-10-27,2014-09-01,0,0,1.1,1,0,1,0.629653278141956
330,365,freelance developer,2012-05-21,2014-09-01,0,0,2.5,1,0,1,0.555631134897079
399,439,freelance developer,2006-05-31,2014-09-01,0,0,8.5,1,0,0,0.210038480368621
493,545,freelance developer,2012-10-29,2014-09-01,0,0,2.1,1,0,1,0.580946286219492
548,607,freelance developer,2013-06-06,2014-09-01,0,0,1.5,1,0,1,0.618095761928005
619,686,gym/fitness,2012-09-08,2014-09-01,0,0,2.2,1,0,0,0.276462176498771
652,722,gym/fitness,2012-12-10,2014-09-01,0,0,2,1,0,0,0.286902844956487
665,737,accountancy,2012-12-03,2014-09-01,0,0,2,1,0,1,0.574077791675724
676,748,freelance developer,2005-04-22,2014-09-01,0,0,9.6,1,0,0,0.166794232094037
719,792,gym/fitness,2013-07-03,2014-09-01,0,0,1.4,1,0,0,0.319589328601515
771,858,gym/fitness,2013-03-02,2014-09-01,0,0,1.7,1,0,0,0.302996985810545
787,877,accountancy,2012-09-14,2014-09-01,0,0,2.2,1,0,1,0.561414181224147
797,887,freelance developer,2012-02-16,2014-09-01,0,0,2.8,1,0,1,0.536445869347832
34,36,freelance developer,2013-10-23,2014-10-01,0,0,1.1,1,0,1,0.642144262893574
90,94,accountancy,2013-05-13,2014-10-01,0,0,1.6,1,0,1,0.599100294340552
111,117,freelance developer,2010-05-22,2014-10-01,0,0,4.5,1,0,0,0.427367938643894
145,153,freelance developer,2013-01-21,2014-10-01,0,0,1.9,1,0,1,0.593454324562781
160,170,freelance developer,2013-04-04,2014-10-01,0,0,1.7,1,0,1,0.605842323697264
199,210,gym/fitness,2012-02-19,2014-10-01,0,0,2.8,1,0,0,0.246588032755727
328,363,accountancy,2013-10-26,2014-10-01,0,0,1.1,1,0,1,0.629653278141956
374,414,freelance developer,2013-01-31,2014-10-01,0,0,1.8,1,0,1,0.599664251583576
376,416,freelance developer,2013-08-13,2014-10-01,0,0,1.3,1,0,1,0.630200785205618
417,458,gym/fitness,2013-01-16,2014-10-01,0,0,1.9,1,0,0,0.29221063471986
431,476,freelance developer,2005-05-08,2014-10-01,0,0,9.6,1,0,0,0.166794232094037
483,533,freelance developer,2013-10-17,2014-10-01,0,0,1.1,1,0,1,0.642144262893574
501,554,accountancy,2013-01-26,2014-10-01,0,0,1.8,1,1,1,0.999999989298356
502,555,accountancy,2013-12-25,2014-10-01,0,0,0.9,1,0,1,0.641604382471092
508,561,accountancy,2007-07-26,2014-10-01,0,0,7.3,1,0,0,0.255589832155842
526,580,accountancy,2013-11-23,2014-10-01,0,0,1,1,0,1,0.635649744098679
527,583,freelance developer,2013-08-12,2014-10-01,0,0,1.3,1,0,1,0.630200785205618
530,586,freelance developer,2013-09-02,2014-10-01,0,0,1.2,1,0,1,0.636193508276852
577,638,freelance developer,2012-03-30,2014-10-01,0,0,2.7,1,0,1,0.542855808928274
601,668,freelance developer,2003-09-08,2014-10-01,0,0,11.2,1,0,0,0.116978654984795
643,712,freelance developer,2003-07-09,2014-10-01,0,0,11.4,1,0,0,0.111752614466894
733,809,accountancy,2013-02-12,2014-10-01,0,0,1.8,1,0,1,0.586644972079292
755,839,accountancy,2013-06-24,2014-10-01,0,0,1.4,1,0,1,0.611428898532242
761,846,gym/fitness,2012-06-20,2014-10-01,0,0,2.4,1,0,0,0.266259587940252
794,884,gym/fitness,2012-09-02,2014-10-01,0,0,2.2,1,0,0,0.276462176498771
796,886,accountancy,2012-01-03,2014-10-01,0,0,2.9,1,0,1,0.516565615408771
847,945,freelance developer,2004-08-09,2014-10-01,0,0,10.3,1,0,0,0.143178633379438
8,10,gym/fitness,2013-02-18,2014-11-01,0,0,1.8,1,0,0,0.297575643103201
13,15,gym/fitness,2010-06-29,2014-11-01,0,0,4.4,1,1,1,0.999999929877651
21,23,accountancy,2006-04-01,2014-11-01,0,0,8.7,1,0,0,0.193059478785941
23,25,freelance developer,2013-08-11,2014-11-01,0,0,1.3,1,0,1,0.630200785205618
78,82,accountancy,2006-03-14,2014-11-01,0,0,8.7,1,0,0,0.193059478785941
98,103,accountancy,2005-05-13,2014-11-01,0,0,9.5,1,1,1,0.999999921963163
155,164,gym/fitness,2011-04-11,2014-11-01,0,0,3.6,1,0,0,0.210267756968405
168,178,freelance developer,2005-03-09,2014-11-01,0,0,9.7,1,1,1,0.999999922146226
252,275,accountancy,2009-03-27,2014-11-01,0,0,5.7,1,0,0,0.341598226399304
272,298,freelance developer,2012-11-30,2014-11-01,0,0,2,1,0,1,0.587214378273722
333,368,gym/fitness,2013-08-14,2014-11-01,0,0,1.3,1,0,0,0.325226034971244
346,382,gym/fitness,2007-07-25,2014-11-01,0,0,7.3,1,1,1,0.999999851807714
347,383,gym/fitness,2008-04-17,2014-11-01,0,0,6.6,1,0,0,0.109351365032836
442,487,freelance developer,2013-01-09,2014-11-01,0,0,1.9,1,0,1,0.593454324562781
445,490,gym/fitness,2011-10-14,2014-11-01,0,0,3.1,1,1,1,0.999999949860428
456,504,gym/fitness,2013-02-23,2014-11-01,0,0,1.8,1,0,0,0.297575643103201
534,591,accountancy,2005-03-13,2014-11-01,0,0,9.7,1,0,0,0.156002763826888
545,604,gym/fitness,2004-08-17,2014-11-01,0,0,10.3,1,1,1,0.999999678633552
556,615,freelance developer,2006-04-11,2014-11-01,0,0,8.6,1,0,0,0.205789315482311
566,625,freelance developer,2011-07-21,2014-11-01,0,0,3.4,1,0,0,0.497807059749259
570,629,gym/fitness,2012-12-10,2014-11-01,0,0,2,1,0,0,0.286902844956487
576,636,freelance developer,2013-01-29,2014-11-01,0,0,1.8,1,0,1,0.599664251583576
584,646,accountancy,2011-12-17,2014-11-01,0,0,3,1,0,1,0.510119702122508
588,653,freelance developer,2009-09-13,2014-11-01,0,0,5.2,1,0,0,0.383855636420958
644,713,accountancy,2003-11-03,2014-11-01,0,0,11.1,1,0,0,0.114102014222881
662,734,freelance developer,2012-11-20,2014-11-01,0,0,2,1,0,1,0.587214378273722
688,760,freelance developer,2009-11-06,2014-11-01,0,0,5.1,1,0,0,0.38997617366313
689,761,freelance developer,2013-03-04,2014-11-01,0,0,1.7,1,1,1,0.999999990118724
700,772,gym/fitness,2009-11-08,2014-11-01,0,0,5.1,1,1,1,0.999999915996519
730,806,gym/fitness,2012-09-24,2014-11-01,0,0,2.2,1,0,0,0.276462176498771
735,811,accountancy,2003-07-28,2014-11-01,0,0,11.3,1,1,1,0.999999875833441
815,911,accountancy,2010-01-28,2014-11-01,0,0,4.8,1,0,0,0.395569880279103
849,947,accountancy,2013-02-01,2014-11-01,0,0,1.8,1,1,1,0.999999989298356
892,991,gym/fitness,2007-10-07,2014-11-01,0,0,7.1,1,0,0,0.0974050620294638
74,78,freelance developer,2007-09-25,2014-12-01,0,0,7.2,1,1,1,0.999999959155476
86,90,accountancy,2012-04-19,2014-12-01,0,0,2.6,1,0,1,0.535861785071628
106,112,accountancy,2003-06-22,2014-12-01,0,0,11.4,1,0,0,0.106508117117017
114,120,freelance developer,2011-12-01,2014-12-01,0,0,3,1,0,1,0.523591900195506
179,190,gym/fitness,2005-09-27,2014-12-01,0,0,9.2,1,0,0,0.0590644294666679
188,199,freelance developer,2012-01-12,2014-12-01,0,0,2.9,1,1,1,0.999999986532623
216,228,gym/fitness,2003-06-03,2014-12-01,0,0,11.5,1,1,1,0.999999562003655
219,231,gym/fitness,2007-07-06,2014-12-01,0,0,7.4,1,1,1,0.999999847934242
234,249,gym/fitness,2011-09-17,2014-12-01,0,0,3.2,1,0,0,0.227918384624973
238,253,accountancy,2012-07-24,2014-12-01,0,0,2.4,1,0,1,0.548670064824235
257,281,gym/fitness,2012-03-14,2014-12-01,0,0,2.7,1,1,1,0.999999954777216
301,331,gym/fitness,2007-02-17,2014-12-01,0,0,7.8,1,0,0,0.0826395267686089
308,339,freelance developer,2004-08-02,2014-12-01,0,0,10.3,1,1,1,0.999999909110301
319,352,freelance developer,2004-01-05,2014-12-01,0,0,10.9,1,0,0,0.125214468455608
336,371,freelance developer,2007-04-28,2014-12-01,0,0,7.6,1,0,0,0.25115306846832
349,385,gym/fitness,2007-11-12,2014-12-01,0,0,7,1,0,0,0.099697222096704
393,433,accountancy,2005-11-04,2014-12-01,0,0,9.1,1,0,0,0.177487837754414
394,434,accountancy,2006-09-22,2014-12-01,0,0,8.2,1,0,0,0.213956449310893
406,446,freelance developer,2004-06-01,2014-12-01,0,0,10.5,1,0,0,0.136963656624793
429,473,accountancy,2010-11-14,2014-12-01,0,0,4,1,1,1,0.999999981121007
441,486,freelance developer,2012-07-02,2014-12-01,0,0,2.4,1,0,1,0.561992393495462
454,500,accountancy,2013-06-07,2014-12-01,0,0,1.5,1,1,1,0.99999999009549
455,501,freelance developer,2013-04-19,2014-12-01,0,0,1.6,1,0,1,0.611986745139649
463,511,gym/fitness,2009-10-11,2014-12-01,0,0,5.1,1,0,0,0.153118585712547
477,526,gym/fitness,2008-03-09,2014-12-01,0,0,6.7,1,0,0,0.106863590636195
542,601,accountancy,2012-06-13,2014-12-01,0,0,2.5,1,0,1,0.542272909824227
552,611,accountancy,2012-08-06,2014-12-01,0,0,2.3,1,0,1,0.555051173722393
617,684,gym/fitness,2009-06-15,2014-12-01,0,0,5.5,1,0,0,0.140208715589422
635,704,freelance developer,2010-04-27,2014-12-01,0,0,4.6,1,0,0,0.421065621278581
695,767,gym/fitness,2007-10-13,2014-12-01,0,0,7.1,1,0,0,0.0974050620294638
703,776,accountancy,2008-07-22,2014-12-01,0,0,6.4,1,0,0,0.302209849361791
714,787,gym/fitness,2008-08-19,2014-12-01,0,0,6.3,1,0,0,0.117121409089442
791,881,accountancy,2010-12-17,2014-12-01,0,0,4,1,1,1,0.999999981121007
813,909,freelance developer,2007-03-22,2014-12-01,0,0,7.7,1,0,0,0.246331505526265
865,964,accountancy,2013-09-01,2014-12-01,0,0,1.2,1,0,1,0.623616559035882
868,967,freelance developer,2009-08-15,2014-12-01,0,0,5.3,1,0,0,0.377771671621621
877,976,gym/fitness,2007-10-20,2014-12-01,0,0,7.1,1,0,0,0.0974050620294638
883,982,gym/fitness,2006-11-12,2014-12-01,0,0,8,1,0,0,0.078810671671308
1,2,gym/fitness,2003-09-25,2014-12-01,0,3,11.2,0,0,0,0.0361139624773867
2,3,freelance developer,2008-10-22,2014-12-01,0,9,6.1,0,0,0,0.330608050153843
3,4,gym/fitness,2005-06-28,2014-12-01,0,9,9.4,0,0,0,0.056260867316896
5,6,gym/fitness,2005-11-04,2014-12-01,0,3,9.1,0,0,0,0.0605148393910738
6,7,gym/fitness,2010-12-05,2014-12-01,3,8,4,0,0,0,0.193641215138482
7,8,gym/fitness,2012-01-05,2014-12-01,0,57,2.9,0,0,0,0.241825806942904
12,14,accountancy,2013-12-05,2014-12-01,11,0,1,0,0,1,0.635649744098679
14,16,freelance developer,2003-06-30,2014-12-01,0,104,11.4,0,0,0,0.111752614466894
15,17,gym/fitness,2007-04-06,2014-12-01,0,40,7.6,0,0,0,0.0866369042356902
16,18,gym/fitness,2011-12-22,2014-12-01,0,2,2.9,0,0,0,0.241825806942904
17,19,freelance developer,2007-05-15,2014-12-01,0,4,7.5,0,0,0,0.25603694507111
19,21,freelance developer,2008-09-14,2014-12-01,0,23,6.2,0,0,0,0.324922981165499
20,22,accountancy,2004-07-02,2014-12-01,0,1,10.4,0,0,0,0.133669956851737
24,26,freelance developer,2009-08-18,2014-12-01,4,1,5.3,0,0,0,0.377771671621621
25,27,gym/fitness,2012-05-07,2014-12-01,0,4,2.6,0,0,0,0.256300142310875
26,28,freelance developer,2003-02-23,2014-12-01,1,0,11.8,0,0,0,0.101910733137991
27,29,freelance developer,2012-02-17,2014-12-01,0,2,2.8,0,0,1,0.536445869347832
28,30,freelance developer,2011-12-16,2014-12-01,0,22,3,0,0,1,0.523591900195506
29,31,gym/fitness,2011-10-06,2014-12-01,1,19,3.1,0,0,0,0.232490717282928
30,32,freelance developer,2004-07-21,2014-12-01,0,7,10.3,0,0,0,0.143178633379438
32,34,accountancy,2004-05-12,2014-12-01,6,0,10.5,0,0,0,0.130710122396122
33,35,gym/fitness,2004-08-15,2014-12-01,2,1,10.3,0,0,0,0.0451281020085237
35,37,accountancy,2007-09-30,2014-12-01,2,11,7.2,0,0,0,0.260529968955517
38,40,gym/fitness,2005-10-21,2014-12-01,0,37,9.1,0,0,0,0.0605148393910738
39,42,gym/fitness,2003-03-21,2014-12-01,0,15,11.7,0,0,0,0.0318822147980241
42,45,freelance developer,2011-02-03,2014-12-01,0,8,3.8,0,0,0,0.472033878204197
43,46,freelance developer,2011-04-22,2014-12-01,0,17,3.6,0,0,0,0.484910436498949
44,47,accountancy,2010-09-16,2014-12-01,4,80,4.2,0,0,0,0.433117182690641
45,48,accountancy,2009-04-07,2014-12-01,33,10,5.6,0,0,0,0.34742490319304
46,49,gym/fitness,2013-10-23,2014-12-01,9,0,1.1,0,0,0,0.336651423678066
47,50,gym/fitness,2003-06-21,2014-12-01,2,692,11.4,0,0,0,0.034359990683222
48,51,gym/fitness,2010-10-26,2014-12-01,0,1,4.1,0,0,0,0.189644137641023
50,53,accountancy,2007-06-02,2014-12-01,0,1,7.5,0,0,0,0.24589573922971
51,54,accountancy,2003-02-25,2014-12-01,3,11,11.7,0,0,0,0.099362934892165
54,57,gym/fitness,2009-07-08,2014-12-01,0,66,5.4,0,0,0,0.143348170012921
56,59,accountancy,2004-06-26,2014-12-01,0,1,10.4,0,0,0,0.133669956851737
57,60,freelance developer,2007-10-05,2014-12-01,0,11,7.1,0,0,0,0.276185963675177
58,61,gym/fitness,2005-04-22,2014-12-01,1,6,9.6,0,0,0,0.0535828014276491
59,63,freelance developer,2005-05-13,2014-12-01,0,27,9.5,0,0,0,0.170410985055261
61,65,accountancy,2007-06-18,2014-12-01,0,226,7.4,0,0,0,0.250711610079734
63,67,freelance developer,2008-09-25,2014-12-01,0,35,6.2,0,0,0,0.324922981165499
64,68,accountancy,2005-06-02,2014-12-01,4,3,9.5,0,0,0,0.162918586830749
65,69,gym/fitness,2010-10-05,2014-12-01,1,1,4.2,0,0,0,0.18571056464791
66,70,gym/fitness,2009-12-24,2014-12-01,0,70,4.9,0,0,0,0.15993077742113
67,71,accountancy,2005-02-02,2014-12-01,0,24,9.8,0,0,0,0.152635543558853
68,72,gym/fitness,2007-07-26,2014-12-01,0,55,7.3,0,0,0,0.0929614155551864
69,73,gym/fitness,2005-03-27,2014-12-01,0,44,9.7,0,0,0,0.0522892902220137
70,74,accountancy,2008-07-03,2014-12-01,0,17,6.4,0,0,0,0.302209849361791
71,75,gym/fitness,2003-12-19,2014-12-01,0,35,10.9,0,0,0,0.0389073980779059
72,76,gym/fitness,2004-09-09,2014-12-01,6,23,10.2,0,0,0,0.046253108500741
73,77,accountancy,2003-06-22,2014-12-01,0,17,11.4,0,0,0,0.106508117117017
76,80,gym/fitness,2008-04-23,2014-12-01,0,216,6.6,0,0,0,0.109351365032836
77,81,gym/fitness,2004-05-23,2014-12-01,0,3,10.5,0,0,0,0.042955844761207
80,84,gym/fitness,2007-12-11,2014-12-01,6,15,7,0,0,0,0.099697222096704
81,85,accountancy,2005-06-14,2014-12-01,8,6,9.5,0,0,0,0.162918586830749
82,86,gym/fitness,2009-01-08,2014-12-01,0,1,5.9,0,0,0,0.128222513776824
83,87,gym/fitness,2011-06-19,2014-12-01,0,249,3.4,0,0,0,0.218965107949866
84,88,gym/fitness,2013-07-27,2014-12-01,0,66,1.3,0,0,0,0.325226034971244
85,89,gym/fitness,2004-09-24,2014-12-01,0,46,10.2,0,0,0,0.046253108500741
87,91,freelance developer,2008-11-09,2014-12-01,6,12,6.1,0,0,0,0.330608050153843
88,92,gym/fitness,2009-12-01,2014-12-01,0,10,5,0,0,0,0.156494494123352
89,93,accountancy,2012-05-23,2014-12-01,8,134,2.5,0,0,1,0.542272909824227
92,96,gym/fitness,2010-10-13,2014-12-01,0,19,4.1,0,0,0,0.189644137641023
93,97,gym/fitness,2003-03-22,2014-12-01,0,56,11.7,0,0,0,0.0318822147980241
95,99,freelance developer,2008-10-31,2014-12-01,0,14,6.1,0,0,0,0.330608050153843
97,102,gym/fitness,2010-01-25,2014-12-01,0,4,4.8,0,0,0,0.163427895145029
99,104,freelance developer,2007-01-08,2014-12-01,1,7,7.9,0,0,0,0.236876825962329
100,105,gym/fitness,2004-03-20,2014-12-01,0,1,10.7,0,0,0,0.04088367296012
101,106,freelance developer,2011-03-18,2014-12-01,0,90,3.7,0,0,0,0.478468580686876
104,110,gym/fitness,2012-02-23,2014-12-01,0,7,2.8,0,0,0,0.246588032755727
105,111,accountancy,2006-11-24,2014-12-01,1,226,8,0,0,0,0.22276333862337
107,113,gym/fitness,2004-01-09,2014-12-01,0,1,10.9,0,0,0,0.0389073980779059
108,114,gym/fitness,2004-08-15,2014-12-01,1,3,10.3,0,0,0,0.0451281020085237
109,115,accountancy,2006-04-03,2014-12-01,16,41,8.7,0,0,0,0.193059478785941
110,116,freelance developer,2008-06-10,2014-12-01,0,10,6.5,0,0,0,0.308179148991623
113,119,freelance developer,2011-02-06,2014-12-01,0,4,3.8,0,0,0,0.472033878204197
115,121,gym/fitness,2005-10-29,2014-12-01,0,3,9.1,0,0,0,0.0605148393910738
120,126,gym/fitness,2003-05-01,2014-12-01,2,0,11.6,0,0,0,0.0326883163209219
121,127,gym/fitness,2013-09-06,2014-12-01,0,1,1.2,0,0,0,0.330913807209355
122,128,gym/fitness,2007-01-02,2014-12-01,0,21,7.9,0,0,0,0.0807043885084628
123,129,gym/fitness,2005-03-10,2014-12-01,0,5,9.7,0,0,0,0.0522892902220137
124,130,gym/fitness,2012-06-05,2014-12-01,0,5,2.5,0,0,0,0.261249190039506
125,131,freelance developer,2004-05-19,2014-12-01,0,52,10.5,0,0,0,0.136963656624793
128,135,accountancy,2006-07-21,2014-12-01,5,0,8.4,0,0,0,0.205405722602409
129,136,gym/fitness,2006-10-03,2014-12-01,0,8,8.2,0,0,0,0.0751446836861113
131,138,freelance developer,2012-07-03,2014-12-01,0,65,2.4,0,0,1,0.561992393495462
132,139,gym/fitness,2004-09-08,2014-12-01,0,36,10.2,0,0,0,0.046253108500741
133,140,gym/fitness,2008-05-29,2014-12-01,0,3,6.5,0,0,0,0.111889799125232
135,142,accountancy,2013-10-10,2014-12-01,0,5,1.1,0,0,1,0.629653278141956
136,143,accountancy,2007-05-17,2014-12-01,0,1,7.5,0,0,0,0.24589573922971
137,144,accountancy,2006-02-07,2014-12-01,0,9,8.8,0,0,0,0.189071593709702
138,145,gym/fitness,2010-11-26,2014-12-01,1,47,4,0,0,0,0.193641215138482
139,146,freelance developer,2006-01-28,2014-12-01,0,103,8.8,0,0,0,0.197482983521941
140,148,gym/fitness,2005-09-07,2014-12-01,0,52,9.2,0,0,0,0.0590644294666679
141,149,accountancy,2013-08-09,2014-12-01,3,0,1.3,0,0,1,0.617541209392872
142,150,freelance developer,2009-06-14,2014-12-01,0,21,5.5,0,0,0,0.365720132192085
144,152,gym/fitness,2006-12-13,2014-12-01,0,1,8,0,0,0,0.078810671671308
146,154,accountancy,2013-03-21,2014-12-01,2,0,1.7,0,0,1,0.59288755834557
147,156,freelance developer,2009-07-17,2014-12-01,4,26,5.4,0,0,0,0.37172595906371
149,158,gym/fitness,2006-09-04,2014-12-01,0,3,8.2,0,0,0,0.0751446836861113
150,159,freelance developer,2010-09-12,2014-12-01,0,377,4.2,0,0,0,0.446408919191019
151,160,accountancy,2008-09-19,2014-12-01,0,123,6.2,0,0,0,0.313201971182995
152,161,accountancy,2004-08-30,2014-12-01,0,63,10.2,0,0,0,0.139759679046599
154,163,accountancy,2010-06-12,2014-12-01,1,1,4.5,0,0,0,0.41421893536581
156,165,gym/fitness,2013-11-03,2014-12-01,1,0,1.1,0,0,0,0.336651423678066
157,166,gym/fitness,2013-06-05,2014-12-01,0,9,1.5,0,0,0,0.314004854218804
158,167,freelance developer,2006-10-10,2014-12-01,0,9,8.1,0,0,0,0.227675410327843
159,168,gym/fitness,2007-07-20,2014-12-01,0,2,7.4,0,0,0,0.0908084995497242
161,171,freelance developer,2007-10-27,2014-12-01,0,1,7.1,0,0,0,0.276185963675177
163,173,freelance developer,2012-02-27,2014-12-01,0,13,2.8,0,0,1,0.536445869347832
164,174,gym/fitness,2013-11-26,2014-12-01,0,2,1,0,0,0,0.342437607770364
165,175,accountancy,2012-11-10,2014-12-01,0,81,2.1,0,0,1,0.567757055690851
166,176,accountancy,2006-12-03,2014-12-01,0,57,8,0,0,0,0.22276333862337
170,180,freelance developer,2006-05-28,2014-12-01,4,26,8.5,0,0,0,0.210038480368621
171,181,gym/fitness,2007-08-31,2014-12-01,0,226,7.2,0,0,0,0.0951600312765675
172,182,gym/fitness,2011-12-11,2014-12-01,0,90,3,0,0,0,0.237126605029637
174,185,accountancy,2008-10-27,2014-12-01,3,5,6.1,0,0,0,0.318778801944043
176,187,gym/fitness,2009-03-30,2014-12-01,0,268,5.7,0,0,0,0.134102477711192
178,189,gym/fitness,2010-02-13,2014-12-01,0,29,4.8,0,0,0,0.163427895145029
180,191,gym/fitness,2007-11-17,2014-12-01,0,12,7,0,0,0,0.099697222096704
181,192,accountancy,2004-03-24,2014-12-01,0,3,10.7,0,0,0,0.124957437178533
182,193,accountancy,2004-11-03,2014-12-01,0,75,10.1,0,0,0,0.142890749943954
183,194,gym/fitness,2010-12-21,2014-12-01,2,18,3.9,0,0,0,0.197701984670716
185,196,accountancy,2003-12-05,2014-12-01,0,1,11,0,0,0,0.116736273578611
186,197,accountancy,2004-09-10,2014-12-01,0,22,10.2,0,0,0,0.139759679046599
189,200,accountancy,2010-08-19,2014-12-01,65,9,4.3,0,0,0,0.42679327264956
191,202,gym/fitness,2009-08-01,2014-12-01,0,15,5.3,0,0,0,0.14654593929973
192,203,gym/fitness,2012-04-04,2014-12-01,0,15,2.7,0,0,0,0.251412941850328
193,204,gym/fitness,2011-11-20,2014-12-01,0,13,3,0,0,0,0.237126605029637
194,205,accountancy,2010-12-09,2014-12-01,0,1,4,0,0,0,0.445828583518944
196,207,accountancy,2007-03-22,2014-12-01,0,109,7.7,0,0,0,0.236452537819709
198,209,gym/fitness,2013-10-21,2014-12-01,3,3,1.1,0,0,0,0.336651423678066
200,211,accountancy,2013-10-12,2014-12-01,88,15,1.1,0,0,1,0.629653278141956
201,212,freelance developer,2013-05-29,2014-12-01,2,2,1.5,0,0,1,0.618095761928005
203,214,accountancy,2004-08-20,2014-12-01,0,93,10.3,0,0,0,0.136686275906185
205,216,gym/fitness,2013-01-25,2014-12-01,6,104,1.8,0,0,0,0.297575643103201
206,217,accountancy,2009-04-27,2014-12-01,0,1,5.6,0,0,0,0.34742490319304
207,218,accountancy,2004-12-03,2014-12-01,1,2,10,0,0,0,0.146080055267016
208,220,gym/fitness,2007-04-02,2014-12-01,0,1,7.7,0,0,0,0.0846167949893179
209,221,accountancy,2008-09-02,2014-12-01,0,8,6.2,0,0,0,0.313201971182995
210,222,freelance developer,2003-07-19,2014-12-01,0,3,11.4,0,0,0,0.111752614466894
212,224,freelance developer,2012-12-16,2014-12-01,2,0,2,0,0,1,0.587214378273722
213,225,freelance developer,2009-07-14,2014-12-01,0,43,5.4,0,0,0,0.37172595906371
215,227,freelance developer,2007-09-07,2014-12-01,1,2,7.2,0,0,0,0.271057778484124
217,229,gym/fitness,2012-08-03,2014-12-01,0,5,2.3,0,0,0,0.271330785175398
218,230,gym/fitness,2008-01-15,2014-12-01,1,0,6.9,0,0,0,0.102037224029939
221,233,gym/fitness,2012-07-24,2014-12-01,6,16,2.4,0,0,0,0.266259587940252
222,235,gym/fitness,2009-08-11,2014-12-01,0,1,5.3,0,0,0,0.14654593929973
223,236,freelance developer,2012-06-05,2014-12-01,0,3,2.5,0,0,1,0.555631134897079
224,237,gym/fitness,2008-11-10,2014-12-01,0,1,6,0,0,0,0.125365846169325
225,238,gym/fitness,2009-07-06,2014-12-01,0,92,5.4,0,0,0,0.143348170012921
226,239,gym/fitness,2012-03-17,2014-12-01,0,3,2.7,0,0,0,0.251412941850328
227,240,gym/fitness,2012-08-23,2014-12-01,0,9,2.3,0,0,0,0.271330785175398
228,241,accountancy,2008-05-19,2014-12-01,0,3,6.5,0,0,0,0.296796593291897
230,244,gym/fitness,2012-07-18,2014-12-01,0,75,2.4,0,0,0,0.266259587940252
232,247,freelance developer,2013-09-30,2014-12-01,0,14,1.2,0,0,1,0.636193508276852
233,248,gym/fitness,2008-04-14,2014-12-01,0,18,6.6,0,0,0,0.109351365032836
235,250,gym/fitness,2011-11-18,2014-12-01,2,1,3,0,0,0,0.237126605029637
236,251,gym/fitness,2005-09-29,2014-12-01,0,5,9.2,0,0,0,0.0590644294666679
240,255,gym/fitness,2008-02-26,2014-12-01,0,2,6.8,0,0,0,0.104425777920069
241,257,gym/fitness,2006-12-14,2014-12-01,0,17,8,0,0,0,0.078810671671308
242,258,gym/fitness,2006-10-13,2014-12-01,1,3,8.1,0,0,0,0.0769576707403953
244,260,gym/fitness,2012-08-10,2014-12-01,0,4,2.3,0,0,0,0.271330785175398
245,261,gym/fitness,2009-01-20,2014-12-01,1,1,5.9,0,0,0,0.128222513776824
246,262,gym/fitness,2009-12-26,2014-12-01,2,125,4.9,0,0,0,0.15993077742113
247,267,accountancy,2013-12-13,2014-12-01,4,1,1,0,0,1,0.635649744098679
248,269,gym/fitness,2006-08-28,2014-12-01,0,94,8.2,0,0,0,0.0751446836861113
249,270,gym/fitness,2004-01-12,2014-12-01,0,9,10.9,0,0,0,0.0389073980779059
250,271,accountancy,2006-06-20,2014-12-01,1,0,8.4,0,0,0,0.205405722602409
253,277,gym/fitness,2004-10-23,2014-12-01,0,2,10.1,0,0,0,0.0474047681574651
254,278,freelance developer,2008-06-26,2014-12-01,1,3,6.4,0,0,0,0.313707395437114
255,279,accountancy,2010-12-27,2014-12-01,15,7,3.9,0,0,0,0.45221203003954
256,280,gym/fitness,2007-11-08,2014-12-01,0,7,7.1,0,0,0,0.0974050620294638
258,282,accountancy,2011-06-03,2014-12-01,0,8,3.5,0,0,0,0.477882545195369
259,284,freelance developer,2005-08-02,2014-12-01,1,3,9.3,0,0,0,0.177830962460087
260,285,freelance developer,2006-01-20,2014-12-01,1,8,8.9,0,0,0,0.193425627759782
261,286,freelance developer,2007-11-23,2014-12-01,0,1052,7,0,0,0,0.28137371946082
262,287,accountancy,2009-12-16,2014-12-01,16,96,5,0,0,0,0.383300315634548
263,288,freelance developer,2008-03-25,2014-12-01,2,7,6.7,0,0,0,0.297287003126498
264,289,freelance developer,2008-08-05,2014-12-01,0,39,6.3,0,0,0,0.319289041882159
266,292,accountancy,2004-04-04,2014-12-01,0,2,10.6,0,0,0,0.127806158395129
267,293,freelance developer,2013-11-13,2014-12-01,6,0,1,0,0,1,0.648051528722994
268,294,freelance developer,2010-04-08,2014-12-01,2,1,4.6,0,0,0,0.421065621278581
269,295,gym/fitness,2007-10-13,2014-12-01,0,17,7.1,0,0,0,0.0974050620294638
270,296,gym/fitness,2011-03-01,2014-12-01,0,1,3.7,0,0,0,0.206015163366481
271,297,accountancy,2008-08-27,2014-12-01,6,3,6.3,0,0,0,0.307678638407981
273,299,gym/fitness,2005-06-12,2014-12-01,0,27,9.5,0,0,0,0.0549064571347431
276,302,gym/fitness,2003-06-27,2014-12-01,1,6,11.4,0,0,0,0.034359990683222
277,303,freelance developer,2007-08-15,2014-12-01,0,7,7.3,0,0,0,0.265989821170256
279,305,gym/fitness,2003-03-04,2014-12-01,0,6,11.7,0,0,0,0.0318822147980241
280,306,accountancy,2010-01-04,2014-12-01,0,2,4.9,0,0,0,0.389417594615707
281,307,accountancy,2003-02-25,2014-12-01,2,97,11.7,0,0,0,0.099362934892165
282,308,gym/fitness,2008-03-26,2014-12-01,0,5,6.7,0,0,0,0.106863590636195
283,310,gym/fitness,2003-05-18,2014-12-01,4,18,11.5,0,0,0,0.0335140935484076
284,311,freelance developer,2003-04-16,2014-12-01,0,15,11.6,0,0,0,0.10673182786008
285,313,freelance developer,2009-09-15,2014-12-01,2,0,5.2,0,0,0,0.383855636420958
286,314,freelance developer,2007-12-28,2014-12-01,2,1,6.9,0,0,0,0.286620333089342
288,316,accountancy,2012-03-24,2014-12-01,4,15,2.7,0,0,1,0.529438785310819
289,317,freelance developer,2013-03-23,2014-12-01,1,0,1.7,0,0,1,0.605842323697264
290,318,accountancy,2003-10-30,2014-12-01,0,128,11.1,0,0,0,0.114102014222881
292,321,freelance developer,2010-10-09,2014-12-01,8,10,4.1,0,0,0,0.452793885783649
294,324,freelance developer,2010-10-07,2014-12-01,1,2,4.1,0,0,0,0.452793885783649
295,325,freelance developer,2008-12-21,2014-12-01,1,2,5.9,0,0,0,0.342126647529639
296,326,gym/fitness,2010-08-28,2014-12-01,0,1,4.3,0,0,0,0.181840272938545
297,327,freelance developer,2006-08-31,2014-12-01,0,20,8.2,0,0,0,0.223170242516232
299,329,gym/fitness,2009-02-09,2014-12-01,0,2,5.8,0,0,0,0.131134515696182
300,330,freelance developer,2007-11-28,2014-12-01,2,0,7,0,0,0,0.28137371946082
302,332,gym/fitness,2009-06-11,2014-12-01,0,8,5.5,0,0,0,0.140208715589422
305,336,accountancy,2006-01-28,2014-12-01,0,4,8.8,0,0,0,0.189071593709702
306,337,accountancy,2009-10-30,2014-12-01,0,92,5.1,0,0,0,0.377219763872929
307,338,freelance developer,2009-06-16,2014-12-01,2,37,5.5,0,0,0,0.365720132192085
310,341,gym/fitness,2011-11-28,2014-12-01,1,2,3,0,0,0,0.237126605029637
311,342,freelance developer,2004-12-02,2014-12-01,0,7,10,0,0,0,0.152939556696728
312,343,freelance developer,2003-05-19,2014-12-01,0,51,11.5,0,0,0,0.109216909930746
314,345,gym/fitness,2007-10-02,2014-12-01,0,1,7.2,0,0,0,0.0951600312765675
317,349,gym/fitness,2006-01-08,2014-12-01,4,11,8.9,0,0,0,0.0635161163302171
318,351,accountancy,2003-01-20,2014-12-01,0,15,11.8,0,0,0,0.0970776317648445
321,355,accountancy,2012-07-07,2014-12-01,1,0,2.4,0,0,1,0.548670064824235
323,357,accountancy,2006-08-09,2014-12-01,2,46,8.3,0,0,0,0.209649057793147
324,358,freelance developer,2010-09-28,2014-12-01,0,453,4.2,0,0,0,0.446408919191019
326,361,freelance developer,2011-12-04,2014-12-01,3,16,3,0,0,1,0.523591900195506
327,362,freelance developer,2003-05-12,2014-12-01,1,2,11.5,0,0,0,0.109216909930746
331,366,gym/fitness,2007-07-22,2014-12-01,0,20,7.4,0,0,0,0.0908084995497242
334,369,gym/fitness,2013-03-26,2014-12-01,0,60,1.7,0,0,0,0.302996985810545
339,375,gym/fitness,2009-04-17,2014-12-01,0,3,5.6,0,0,0,0.137127011917897
341,377,gym/fitness,2013-06-02,2014-12-01,1,2,1.5,0,0,0,0.314004854218804
342,378,accountancy,2004-08-22,2014-12-01,0,67,10.3,0,0,0,0.136686275906185
345,381,gym/fitness,2008-02-05,2014-12-01,0,4,6.8,0,0,0,0.104425777920069
348,384,accountancy,2013-12-08,2014-12-01,0,51,1,0,0,1,0.635649744098679
350,386,gym/fitness,2005-07-28,2014-12-01,0,96,9.3,0,0,0,0.0576466496702202
351,387,gym/fitness,2003-04-16,2014-12-01,0,6,11.6,0,0,0,0.0326883163209219
352,388,gym/fitness,2004-08-26,2014-12-01,0,79,10.3,0,0,0,0.0451281020085237
354,392,gym/fitness,2005-12-16,2014-12-01,0,1,8.9,0,0,0,0.0635161163302171
355,393,gym/fitness,2013-08-22,2014-12-01,0,3,1.3,0,0,0,0.325226034971244
356,394,gym/fitness,2007-05-23,2014-12-01,0,209,7.5,0,0,0,0.0887005675794373
357,395,accountancy,2012-12-31,2014-12-01,5,6,1.9,0,0,1,0.580374412388037
358,396,accountancy,2005-10-18,2014-12-01,0,1,9.1,0,0,0,0.177487837754414
359,397,accountancy,2011-04-22,2014-12-01,0,2,3.6,0,0,0,0.471448599558239
361,399,gym/fitness,2011-09-20,2014-12-01,0,16,3.2,0,0,0,0.227918384624973
362,400,gym/fitness,2007-04-26,2014-12-01,0,12,7.6,0,0,0,0.0866369042356902
363,401,freelance developer,2008-03-16,2014-12-01,0,42,6.7,0,0,0,0.297287003126498
365,403,gym/fitness,2004-05-18,2014-12-01,24,2,10.5,0,0,0,0.042955844761207
366,404,accountancy,2008-11-26,2014-12-01,0,14,6,0,0,0,0.324408028641814
368,406,freelance developer,2008-07-04,2014-12-01,0,2,6.4,0,0,0,0.313707395437114
369,408,gym/fitness,2009-12-09,2014-12-01,0,41,5,0,0,0,0.156494494123352
371,411,freelance developer,2008-02-19,2014-12-01,9,0,6.8,0,0,0,0.291925035924976
372,412,gym/fitness,2011-08-16,2014-12-01,0,1,3.3,0,0,0,0.223409799693212
375,415,gym/fitness,2005-01-11,2014-12-01,5,25,9.9,0,0,0,0.0497903008047971
377,417,gym/fitness,2003-09-06,2014-12-01,1,4,11.2,0,0,0,0.0361139624773867
378,418,freelance developer,2005-12-20,2014-12-01,0,7,8.9,0,0,0,0.193425627759782
380,420,gym/fitness,2012-03-09,2014-12-01,0,3,2.7,0,0,0,0.251412941850328
381,421,freelance developer,2008-10-14,2014-12-01,1,6,6.1,0,0,0,0.330608050153843
383,423,gym/fitness,2005-10-10,2014-12-01,59,93,9.1,0,0,0,0.0605148393910738
384,424,gym/fitness,2012-12-06,2014-12-01,0,1,2,0,0,0,0.286902844956487
385,425,freelance developer,2009-12-09,2014-12-01,0,5,5,0,0,0,0.396131558807989
387,427,gym/fitness,2012-02-25,2014-12-01,0,85,2.8,0,0,0,0.246588032755727
388,428,gym/fitness,2005-05-07,2014-12-01,0,3,9.6,0,0,0,0.0535828014276491
389,429,freelance developer,2012-01-30,2014-12-01,0,14,2.8,0,0,1,0.536445869347832
390,430,gym/fitness,2004-04-20,2014-12-01,0,3,10.6,0,0,0,0.0419075131301037
391,431,gym/fitness,2013-03-01,2014-12-01,15,2,1.7,0,0,0,0.302996985810545
395,435,freelance developer,2013-12-06,2014-12-01,2,0,1,0,0,1,0.648051528722994
396,436,freelance developer,2011-10-13,2014-12-01,0,15,3.1,0,0,1,0.517152102034302
398,438,accountancy,2009-09-04,2014-12-01,0,50,5.2,0,0,0,0.371177614975153
400,440,gym/fitness,2006-08-04,2014-12-01,2,1,8.3,0,0,0,0.0733710124059734
401,441,gym/fitness,2006-11-26,2014-12-01,0,2,8,0,0,0,0.078810671671308
402,442,accountancy,2009-07-19,2014-12-01,0,1,5.4,0,0,0,0.359214994387732
403,443,gym/fitness,2011-05-21,2014-12-01,1,1,3.5,0,0,0,0.214584408836399
404,444,gym/fitness,2005-03-24,2014-12-01,0,4,9.7,0,0,0,0.0522892902220137
405,445,gym/fitness,2004-04-25,2014-12-01,1,2,10.6,0,0,0,0.0419075131301037
407,447,accountancy,2004-01-10,2014-12-01,0,41,10.9,0,0,0,0.119423151370594
408,448,accountancy,2008-06-15,2014-12-01,4,3,6.5,0,0,0,0.296796593291897
410,450,gym/fitness,2013-08-17,2014-12-01,0,4,1.3,0,0,0,0.325226034971244
411,452,freelance developer,2009-05-20,2014-12-01,0,17,5.5,0,0,0,0.365720132192085
412,453,gym/fitness,2007-08-26,2014-12-01,0,16,7.3,0,0,0,0.0929614155551864
414,455,gym/fitness,2013-11-26,2014-12-01,1,2,1,0,0,0,0.342437607770364
415,456,gym/fitness,2007-09-24,2014-12-01,2,1508,7.2,0,0,0,0.0951600312765675
416,457,freelance developer,2004-05-25,2014-12-01,0,48,10.5,0,0,0,0.136963656624793
418,459,gym/fitness,2003-03-27,2014-12-01,0,10,11.7,0,0,0,0.0318822147980241
419,460,gym/fitness,2012-11-23,2014-12-01,4,134,2,0,0,0,0.286902844956487
420,461,gym/fitness,2009-07-09,2014-12-01,0,5,5.4,0,0,0,0.143348170012921
421,462,freelance developer,2003-09-02,2014-12-01,0,12,11.2,0,0,0,0.116978654984795
422,463,accountancy,2004-07-30,2014-12-01,0,1,10.3,0,0,0,0.136686275906185
423,465,gym/fitness,2010-12-09,2014-12-01,0,5,4,0,0,0,0.193641215138482
424,466,gym/fitness,2008-04-03,2014-12-01,0,1,6.7,0,0,0,0.106863590636195
425,469,freelance developer,2006-04-07,2014-12-01,39,0,8.6,0,0,0,0.205789315482311
426,470,accountancy,2013-07-18,2014-12-01,0,3,1.4,0,0,1,0.611428898532242
427,471,gym/fitness,2004-08-13,2014-12-01,0,14,10.3,0,0,0,0.0451281020085237
428,472,freelance developer,2013-03-20,2014-12-01,1,0,1.7,0,0,1,0.605842323697264
432,477,accountancy,2003-11-22,2014-12-01,0,125,11,0,0,0,0.116736273578611
433,478,gym/fitness,2004-10-02,2014-12-01,0,12,10.1,0,0,0,0.0474047681574651
434,479,freelance developer,2005-09-10,2014-12-01,0,63,9.2,0,0,0,0.181634864487541
435,480,gym/fitness,2011-06-16,2014-12-01,0,2,3.5,0,0,0,0.214584408836399
436,481,accountancy,2013-07-30,2014-12-01,0,1,1.3,0,0,1,0.617541209392872
437,482,accountancy,2011-04-17,2014-12-01,0,4,3.6,0,0,0,0.471448599558239
438,483,accountancy,2007-11-25,2014-12-01,0,8,7,0,0,0,0.270593975538556
439,484,freelance developer,2004-06-13,2014-12-01,51,11,10.5,0,0,0,0.136963656624793
440,485,freelance developer,2009-08-21,2014-12-01,0,1,5.3,0,0,0,0.377771671621621
446,492,gym/fitness,2006-02-03,2014-12-01,2,5,8.8,0,0,0,0.0650682840704818
448,494,gym/fitness,2009-10-08,2014-12-01,0,133,5.1,0,0,0,0.153118585712547
449,495,accountancy,2004-08-29,2014-12-01,0,2,10.2,0,0,0,0.139759679046599
450,496,gym/fitness,2012-05-11,2014-12-01,2,69,2.6,0,0,0,0.256300142310875
452,498,accountancy,2005-08-25,2014-12-01,17,1,9.3,0,0,0,0.170079215515843
457,505,gym/fitness,2010-12-19,2014-12-01,0,106,3.9,0,0,0,0.197701984670716
459,507,accountancy,2007-10-22,2014-12-01,2,4,7.1,0,0,0,0.26553153109173
460,508,gym/fitness,2005-08-22,2014-12-01,0,1,9.3,0,0,0,0.0576466496702202
462,510,freelance developer,2013-11-10,2014-12-01,0,49,1.1,0,0,1,0.642144262893574
464,512,freelance developer,2003-10-05,2014-12-01,3,4,11.1,0,0,0,0.119670355731032
465,513,gym/fitness,2013-08-06,2014-12-01,0,4,1.3,0,0,0,0.325226034971244
466,514,gym/fitness,2005-10-19,2014-12-01,9,9,9.1,0,0,0,0.0605148393910738
467,515,gym/fitness,2007-01-04,2014-12-01,1,88,7.9,0,0,0,0.0807043885084628
468,516,gym/fitness,2004-07-31,2014-12-01,2,5,10.3,0,0,0,0.0451281020085237
469,517,gym/fitness,2008-01-15,2014-12-01,0,5,6.9,0,0,0,0.102037224029939
471,519,gym/fitness,2013-02-19,2014-12-01,1,0,1.8,0,0,0,0.297575643103201
472,520,accountancy,2008-11-27,2014-12-01,0,3,6,0,0,0,0.324408028641814
473,521,gym/fitness,2005-11-16,2014-12-01,0,1,9,0,0,0,0.0619985193612203
474,522,gym/fitness,2010-06-06,2014-12-01,0,196,4.5,0,0,0,0.174288470245609
475,523,gym/fitness,2006-06-20,2014-12-01,0,5,8.4,0,0,0,0.0716359631389926
476,524,freelance developer,2006-10-17,2014-12-01,0,19,8.1,0,0,0,0.227675410327843
479,529,freelance developer,2009-01-07,2014-12-01,1,1,5.9,0,0,0,0.342126647529639
480,530,freelance developer,2011-01-03,2014-12-01,2,38,3.9,0,0,0,0.465608454978993
482,532,gym/fitness,2009-04-07,2014-12-01,1,1,5.6,0,0,0,0.137127011917897
484,534,gym/fitness,2009-09-22,2014-12-01,0,163,5.2,0,0,0,0.149802569169907
486,537,freelance developer,2012-09-29,2014-12-01,1,17,2.2,0,0,1,0.574651957657611
487,539,gym/fitness,2013-05-04,2014-12-01,0,3,1.6,0,0,0,0.308473721989631
488,540,accountancy,2012-07-05,2014-12-01,0,3,2.4,0,0,1,0.548670064824235
489,541,gym/fitness,2008-12-11,2014-12-01,0,9,6,0,0,0,0.125365846169325
490,542,accountancy,2011-02-08,2014-12-01,0,3,3.8,0,0,0,0.458611237255457
494,547,accountancy,2010-08-17,2014-12-01,0,19,4.3,0,0,0,0.42679327264956
496,549,gym/fitness,2008-03-14,2014-12-01,0,29,6.7,0,0,0,0.106863590636195
497,550,accountancy,2005-04-13,2014-12-01,11,1,9.6,0,0,0,0.159430290579349
498,551,gym/fitness,2013-12-06,2014-12-01,0,82,1,0,0,0,0.342437607770364
499,552,gym/fitness,2011-08-22,2014-12-01,2,38,3.3,0,0,0,0.223409799693212
500,553,accountancy,2010-08-04,2014-12-01,0,2,4.3,0,0,0,0.42679327264956
503,556,freelance developer,2005-02-16,2014-12-01,0,29,9.8,0,0,0,0.159745285875519
505,558,gym/fitness,2013-08-09,2014-12-01,4,10,1.3,0,0,0,0.325226034971244
509,562,gym/fitness,2007-05-04,2014-12-01,0,4,7.6,0,0,0,0.0866369042356902
510,564,freelance developer,2004-09-03,2014-12-01,1,24,10.2,0,0,0,0.146373266905715
511,565,gym/fitness,2010-11-15,2014-12-01,0,7,4,0,0,0,0.193641215138482
512,566,freelance developer,2009-03-13,2014-12-01,6,1,5.7,0,0,0,0.353834428652313
513,567,gym/fitness,2013-09-16,2014-12-01,3,2,1.2,0,0,0,0.330913807209355
514,568,accountancy,2006-02-14,2014-12-01,4,17,8.8,0,0,0,0.189071593709702
515,569,gym/fitness,2009-07-25,2014-12-01,5,90,5.3,0,0,0,0.14654593929973
517,571,freelance developer,2006-01-31,2014-12-01,0,97,8.8,0,0,0,0.197482983521941
518,572,gym/fitness,2009-01-19,2014-12-01,0,30,5.9,0,0,0,0.128222513776824
519,573,accountancy,2003-01-22,2014-12-01,1,13,11.8,0,0,0,0.0970776317648445
522,576,accountancy,2005-04-19,2014-12-01,1,0,9.6,0,0,0,0.159430290579349
523,577,gym/fitness,2005-07-11,2014-12-01,0,2,9.4,0,0,0,0.056260867316896
524,578,freelance developer,2009-07-26,2014-12-01,0,407,5.3,0,0,0,0.377771671621621
528,584,gym/fitness,2012-04-13,2014-12-01,0,10,2.6,0,0,0,0.256300142310875
529,585,accountancy,2011-11-16,2014-12-01,0,5,3,0,0,1,0.510119702122508
531,587,accountancy,2013-06-09,2014-12-01,4,6,1.5,0,0,1,0.60528134089417
532,589,accountancy,2013-02-25,2014-12-01,0,2,1.8,0,0,1,0.586644972079292
533,590,gym/fitness,2007-05-15,2014-12-01,0,17,7.5,0,0,0,0.0887005675794373
536,593,gym/fitness,2008-09-05,2014-12-01,0,3,6.2,0,0,0,0.119815948924544
537,594,gym/fitness,2006-09-03,2014-12-01,0,84,8.2,0,0,0,0.0751446836861113
538,596,accountancy,2012-06-14,2014-12-01,2,44,2.5,0,0,1,0.542272909824227
539,597,accountancy,2006-03-28,2014-12-01,0,60,8.7,0,0,0,0.193059478785941
540,599,accountancy,2008-10-16,2014-12-01,3,4,6.1,0,0,0,0.318778801944043
541,600,gym/fitness,2012-07-31,2014-12-01,1,22,2.3,0,0,0,0.271330785175398
543,602,gym/fitness,2003-03-13,2014-12-01,1,0,11.7,0,0,0,0.0318822147980241
544,603,freelance developer,2013-12-18,2014-12-01,0,135,1,0,0,1,0.648051528722994
546,605,gym/fitness,2008-12-18,2014-12-01,0,9,5.9,0,0,0,0.128222513776824
549,608,accountancy,2005-01-23,2014-12-01,0,24,9.8,0,0,0,0.152635543558853
550,609,accountancy,2005-12-14,2014-12-01,0,1,9,0,0,0,0.181286018523242
551,610,gym/fitness,2003-11-23,2014-12-01,16,22,11,0,0,0,0.0379539500158486
553,612,accountancy,2013-08-10,2014-12-01,0,7,1.3,0,0,1,0.617541209392872
554,613,freelance developer,2008-12-02,2014-12-01,0,197,6,0,0,0,0.33634303016863
555,614,freelance developer,2012-06-16,2014-12-01,0,3,2.5,0,0,1,0.555631134897079
557,616,accountancy,2005-03-20,2014-12-01,2,29,9.7,0,0,0,0.156002763826888
558,617,accountancy,2013-02-28,2014-12-01,0,1,1.8,0,0,1,0.586644972079292
560,619,freelance developer,2013-12-29,2014-12-01,0,9,0.9,0,0,1,0.65391383630376
564,623,freelance developer,2012-11-13,2014-12-01,0,2,2,0,0,1,0.587214378273722
565,624,accountancy,2012-01-20,2014-12-01,0,27,2.9,0,0,1,0.516565615408771
568,627,gym/fitness,2006-01-05,2014-12-01,0,3,8.9,0,0,0,0.0635161163302171
569,628,freelance developer,2007-05-19,2014-12-01,0,8,7.5,0,0,0,0.25603694507111
571,630,gym/fitness,2011-09-21,2014-12-01,0,31,3.2,0,0,0,0.227918384624973
572,631,gym/fitness,2003-01-29,2014-12-01,0,1,11.8,0,0,0,0.0310953529048832
573,632,gym/fitness,2012-01-29,2014-12-01,2,1,2.8,0,0,0,0.246588032755727
574,633,freelance developer,2008-05-27,2014-12-01,3,34,6.5,0,0,0,0.308179148991623
575,635,accountancy,2012-09-30,2014-12-01,3,3,2.2,0,0,1,0.561414181224147
578,639,accountancy,2012-10-16,2014-12-01,0,162,2.1,0,0,1,0.567757055690851
579,640,freelance developer,2009-01-18,2014-12-01,0,16,5.9,0,0,0,0.342126647529639
580,641,freelance developer,2009-07-29,2014-12-01,722,1,5.3,0,0,0,0.377771671621621
581,642,accountancy,2010-03-05,2014-12-01,1,129,4.7,0,0,0,0.401755408908983
582,644,freelance developer,2013-06-29,2014-12-01,1,0,1.4,0,0,1,0.624167663660593
583,645,gym/fitness,2003-07-28,2014-12-01,0,24,11.3,0,0,0,0.0352264601155301
585,647,accountancy,2013-01-06,2014-12-01,0,1,1.9,0,0,1,0.580374412388037
586,648,freelance developer,2006-02-09,2014-12-01,0,60,8.8,0,0,0,0.197482983521941
587,650,gym/fitness,2006-04-05,2014-12-01,0,16,8.6,0,0,0,0.0682789796203448
592,657,accountancy,2009-03-13,2014-12-01,0,6,5.7,0,0,0,0.341598226399304
593,658,accountancy,2008-12-19,2014-12-01,1,2,5.9,0,0,0,0.330088493221864
594,660,accountancy,2007-04-01,2014-12-01,3,0,7.7,0,0,0,0.236452537819709
595,661,gym/fitness,2003-09-27,2014-12-01,5,0,11.2,0,0,0,0.0361139624773867
597,664,gym/fitness,2009-04-21,2014-12-01,0,43,5.6,0,0,0,0.137127011917897
598,665,gym/fitness,2005-11-10,2014-12-01,0,13,9,0,0,0,0.0619985193612203
599,666,accountancy,2011-11-26,2014-12-01,17,3,3,0,0,1,0.510119702122508
600,667,accountancy,2010-08-25,2014-12-01,3,1,4.3,0,0,0,0.42679327264956
602,669,gym/fitness,2007-04-07,2014-12-01,1,0,7.6,0,0,0,0.0866369042356902
604,671,gym/fitness,2006-01-30,2014-12-01,0,9,8.8,0,0,0,0.0650682840704818
606,673,gym/fitness,2006-01-03,2014-12-01,0,28,8.9,0,0,0,0.0635161163302171
607,674,freelance developer,2012-03-10,2014-12-01,5,56,2.7,0,0,1,0.542855808928274
608,675,accountancy,2004-11-21,2014-12-01,0,326,10,0,0,0,0.146080055267016
610,677,accountancy,2009-09-28,2014-12-01,0,757,5.2,0,0,0,0.371177614975153
611,678,gym/fitness,2010-01-19,2014-12-01,0,51,4.9,0,0,0,0.15993077742113
612,679,gym/fitness,2013-09-27,2014-12-01,0,13,1.2,0,0,0,0.330913807209355
614,681,accountancy,2003-10-19,2014-12-01,6,0,11.1,0,0,0,0.114102014222881
615,682,gym/fitness,2003-10-07,2014-12-01,0,14,11.1,0,0,0,0.0370229666917781
616,683,freelance developer,2003-06-24,2014-12-01,2,1,11.4,0,0,0,0.111752614466894
618,685,freelance developer,2007-05-24,2014-12-01,1,0,7.5,0,0,0,0.25603694507111
620,687,gym/fitness,2008-04-17,2014-12-01,1,0,6.6,0,0,0,0.109351365032836
621,689,accountancy,2006-04-19,2014-12-01,0,43,8.6,0,0,0,0.197111031047075
622,690,freelance developer,2008-11-01,2014-12-01,0,2,6.1,0,0,0,0.330608050153843
623,692,gym/fitness,2012-04-29,2014-12-01,0,18,2.6,0,0,0,0.256300142310875
624,693,accountancy,2008-12-31,2014-12-01,0,15,5.9,0,0,0,0.330088493221864
625,694,accountancy,2006-12-20,2014-12-01,0,15,7.9,0,0,0,0.227262695294502
626,695,freelance developer,2008-03-18,2014-12-01,0,2,6.7,0,0,0,0.297287003126498
627,696,freelance developer,2013-08-13,2014-12-01,5,0,1.3,0,0,1,0.630200785205618
629,698,gym/fitness,2007-04-21,2014-12-01,0,20,7.6,0,0,0,0.0866369042356902
630,699,gym/fitness,2004-02-02,2014-12-01,0,5,10.8,0,0,0,0.0398838049077834
632,701,accountancy,2012-06-10,2014-12-01,0,16,2.5,0,0,1,0.542272909824227
633,702,accountancy,2009-04-04,2014-12-01,1,9,5.7,0,0,0,0.341598226399304
634,703,freelance developer,2006-10-15,2014-12-01,2,28,8.1,0,0,0,0.227675410327843
637,706,accountancy,2005-08-22,2014-12-01,0,54,9.3,0,0,0,0.170079215515843
638,707,accountancy,2011-09-22,2014-12-01,0,36,3.2,0,0,0,0.497219920117934
639,708,gym/fitness,2012-03-21,2014-12-01,0,11,2.7,0,0,0,0.251412941850328
640,709,accountancy,2012-01-26,2014-12-01,0,10,2.8,0,0,1,0.52300602097046
641,710,gym/fitness,2006-12-08,2014-12-01,0,14,8,0,0,0,0.078810671671308
642,711,freelance developer,2006-05-10,2014-12-01,0,46,8.5,0,0,0,0.210038480368621
645,714,accountancy,2005-08-12,2014-12-01,0,56,9.3,0,0,0,0.170079215515843
646,715,gym/fitness,2013-09-24,2014-12-01,0,2,1.2,0,0,0,0.330913807209355
647,716,freelance developer,2007-05-02,2014-12-01,0,31,7.6,0,0,0,0.25115306846832
648,717,accountancy,2008-01-12,2014-12-01,0,5,6.9,0,0,0,0.275716704953061
649,718,gym/fitness,2004-10-01,2014-12-01,0,4,10.2,0,0,0,0.046253108500741
650,719,gym/fitness,2004-04-14,2014-12-01,1,5,10.6,0,0,0,0.0419075131301037
651,720,freelance developer,2006-02-03,2014-12-01,0,49,8.8,0,0,0,0.197482983521941
654,724,gym/fitness,2005-10-22,2014-12-01,0,20,9.1,0,0,0,0.0605148393910738
655,725,accountancy,2010-03-03,2014-12-01,1,10,4.7,0,0,0,0.401755408908983
656,726,freelance developer,2006-10-20,2014-12-01,3,9,8.1,0,0,0,0.227675410327843
657,727,accountancy,2003-04-28,2014-12-01,3,0,11.6,0,0,0,0.10169597701632
658,729,freelance developer,2013-01-29,2014-12-01,2,3,1.8,0,0,1,0.599664251583576
659,730,accountancy,2013-10-21,2014-12-01,0,20,1.1,0,0,1,0.629653278141956
660,732,freelance developer,2006-11-26,2014-12-01,6,3,8,0,0,0,0.232244334837704
661,733,freelance developer,2010-01-21,2014-12-01,0,1,4.9,0,0,0,0.402320024298498
663,735,gym/fitness,2006-04-22,2014-12-01,2,0,8.6,0,0,0,0.0682789796203448
664,736,gym/fitness,2007-09-19,2014-12-01,1,23,7.2,0,0,0,0.0951600312765675
667,739,gym/fitness,2011-11-11,2014-12-01,0,8,3.1,0,0,0,0.232490717282928
668,740,gym/fitness,2013-07-17,2014-12-01,3,14,1.4,0,0,0,0.319589328601515
670,742,gym/fitness,2010-08-30,2014-12-01,0,26,4.2,0,0,0,0.18571056464791
672,744,gym/fitness,2006-04-30,2014-12-01,99,2,8.6,0,0,0,0.0682789796203448
673,745,freelance developer,2009-03-18,2014-12-01,2,30,5.7,0,0,0,0.353834428652313
675,747,gym/fitness,2012-03-19,2014-12-01,0,20,2.7,0,0,0,0.251412941850328
677,749,gym/fitness,2010-05-14,2014-12-01,0,1,4.5,0,0,0,0.174288470245609
678,750,freelance developer,2008-07-13,2014-12-01,2,157,6.4,0,0,0,0.313707395437114
679,751,gym/fitness,2006-10-22,2014-12-01,8,2,8.1,0,0,0,0.0769576707403953
680,752,freelance developer,2003-04-24,2014-12-01,0,51,11.6,0,0,0,0.10673182786008
681,753,accountancy,2003-10-17,2014-12-01,60,0,11.1,0,0,0,0.114102014222881
682,754,gym/fitness,2009-03-10,2014-12-01,4,7,5.7,0,0,0,0.134102477711192
683,755,freelance developer,2008-06-08,2014-12-01,0,51,6.5,0,0,0,0.308179148991623
684,756,gym/fitness,2003-12-18,2014-12-01,0,30,10.9,0,0,0,0.0389073980779059
685,757,gym/fitness,2010-09-24,2014-12-01,3,101,4.2,0,0,0,0.18571056464791
686,758,freelance developer,2009-07-06,2014-12-01,6,1,5.4,0,0,0,0.37172595906371
690,762,freelance developer,2013-07-15,2014-12-01,1,12,1.4,0,0,1,0.624167663660593
692,764,gym/fitness,2008-05-02,2014-12-01,0,15,6.6,0,0,0,0.109351365032836
693,765,gym/fitness,2005-08-31,2014-12-01,4,2,9.2,0,0,0,0.0590644294666679
694,766,gym/fitness,2013-02-19,2014-12-01,0,16,1.8,0,0,0,0.297575643103201
696,768,gym/fitness,2008-07-25,2014-12-01,1,35,6.3,0,0,0,0.117121409089442
697,769,gym/fitness,2005-07-13,2014-12-01,0,21,9.4,0,0,0,0.056260867316896
698,770,accountancy,2006-09-03,2014-12-01,0,2,8.2,0,0,0,0.213956449310893
699,771,accountancy,2012-07-06,2014-12-01,0,32,2.4,0,0,1,0.548670064824235
701,773,gym/fitness,2012-10-12,2014-12-01,1,16,2.1,0,0,0,0.281653101670352
702,775,freelance developer,2008-05-08,2014-12-01,0,73,6.6,0,0,0,0.302705353423167
704,777,gym/fitness,2008-02-02,2014-12-01,0,35,6.8,0,0,0,0.104425777920069
705,778,gym/fitness,2004-06-07,2014-12-01,0,1,10.5,0,0,0,0.042955844761207
706,779,gym/fitness,2013-01-02,2014-12-01,3,0,1.9,0,0,0,0.29221063471986
707,780,freelance developer,2007-03-25,2014-12-01,1,0,7.7,0,0,0,0.246331505526265
709,782,accountancy,2013-06-09,2014-12-01,1,0,1.5,0,0,1,0.60528134089417
710,783,gym/fitness,2008-09-14,2014-12-01,1,10,6.2,0,0,0,0.119815948924544
711,784,freelance developer,2004-08-03,2014-12-01,2,0,10.3,0,0,0,0.143178633379438
712,785,gym/fitness,2003-08-12,2014-12-01,0,2,11.3,0,0,0,0.0352264601155301
713,786,gym/fitness,2009-09-10,2014-12-01,8,1,5.2,0,0,0,0.149802569169907
715,788,gym/fitness,2011-03-05,2014-12-01,1,34,3.7,0,0,0,0.206015163366481
716,789,gym/fitness,2013-12-08,2014-12-01,1,2,1,0,0,0,0.342437607770364
717,790,accountancy,2003-06-05,2014-12-01,0,2,11.5,0,0,0,0.104077468630238
722,796,gym/fitness,2009-06-26,2014-12-01,0,9,5.4,0,0,0,0.143348170012921
724,798,gym/fitness,2008-04-17,2014-12-01,3,57,6.6,0,0,0,0.109351365032836
725,800,gym/fitness,2005-01-05,2014-12-01,7,4,9.9,0,0,0,0.0497903008047971
727,802,accountancy,2012-04-26,2014-12-01,4,0,2.6,0,0,1,0.535861785071628
728,804,gym/fitness,2011-11-25,2014-12-01,0,355,3,0,0,0,0.237126605029637
732,808,gym/fitness,2005-10-29,2014-12-01,0,6,9.1,0,0,0,0.0605148393910738
736,812,gym/fitness,2010-02-01,2014-12-01,3,4,4.8,0,0,0,0.163427895145029
737,814,freelance developer,2007-04-20,2014-12-01,0,42,7.6,0,0,0,0.25115306846832
738,815,gym/fitness,2004-03-18,2014-12-01,3,0,10.7,0,0,0,0.04088367296012
739,817,gym/fitness,2011-03-31,2014-12-01,0,4,3.7,0,0,0,0.206015163366481
740,819,freelance developer,2007-08-12,2014-12-01,20,4,7.3,0,0,0,0.265989821170256
741,820,gym/fitness,2005-10-04,2014-12-01,0,19,9.1,0,0,0,0.0605148393910738
742,821,gym/fitness,2010-08-15,2014-12-01,34,13,4.3,0,0,0,0.181840272938545
743,822,gym/fitness,2008-02-17,2014-12-01,0,107,6.8,0,0,0,0.104425777920069
744,823,freelance developer,2009-09-08,2014-12-01,0,3,5.2,0,0,0,0.383855636420958
745,824,freelance developer,2003-11-21,2014-12-01,11,15,11,0,0,0,0.122415406601656
746,828,gym/fitness,2005-05-11,2014-12-01,0,1,9.5,0,0,0,0.0549064571347431
747,829,freelance developer,2011-10-09,2014-12-01,2,6,3.1,0,0,1,0.517152102034302
748,831,freelance developer,2005-07-21,2014-12-01,1,1,9.4,0,0,0,0.174089777224294
749,832,gym/fitness,2010-07-27,2014-12-01,1,158,4.3,0,0,0,0.181840272938545
750,833,freelance developer,2009-06-14,2014-12-01,1,2,5.5,0,0,0,0.365720132192085
752,836,gym/fitness,2005-05-17,2014-12-01,2,6,9.5,0,0,0,0.0549064571347431
753,837,gym/fitness,2013-03-05,2014-12-01,0,15,1.7,0,0,0,0.302996985810545
756,840,gym/fitness,2004-10-13,2014-12-01,0,15,10.1,0,0,0,0.0474047681574651
757,841,gym/fitness,2004-12-25,2014-12-01,0,24,9.9,0,0,0,0.0497903008047971
758,842,accountancy,2012-03-20,2014-12-01,1,0,2.7,0,0,1,0.529438785310819
760,844,gym/fitness,2008-01-26,2014-12-01,1,1,6.8,0,0,0,0.104425777920069
762,847,gym/fitness,2003-06-02,2014-12-01,0,2,11.5,0,0,0,0.0335140935484076
763,848,accountancy,2012-03-15,2014-12-01,0,146,2.7,0,0,1,0.529438785310819
764,850,freelance developer,2013-01-09,2014-12-01,0,3,1.9,0,0,1,0.593454324562781
765,851,gym/fitness,2005-06-04,2014-12-01,0,3,9.5,0,0,0,0.0549064571347431
766,852,gym/fitness,2012-03-20,2014-12-01,4,0,2.7,0,0,0,0.251412941850328
768,855,gym/fitness,2004-07-18,2014-12-01,0,17,10.4,0,0,0,0.0440291956444268
770,857,freelance developer,2005-04-30,2014-12-01,0,166,9.6,0,0,0,0.166794232094037
772,859,gym/fitness,2006-07-05,2014-12-01,0,3,8.4,0,0,0,0.0716359631389926
773,860,gym/fitness,2010-10-20,2014-12-01,2,17,4.1,0,0,0,0.189644137641023
774,861,gym/fitness,2010-04-30,2014-12-01,0,25,4.6,0,0,0,0.170606346694133
775,862,accountancy,2013-02-23,2014-12-01,0,19,1.8,0,0,1,0.586644972079292
776,864,gym/fitness,2010-11-29,2014-12-01,1,1,4,0,0,0,0.193641215138482
777,865,gym/fitness,2003-10-22,2014-12-01,0,1,11.1,0,0,0,0.0370229666917781
778,866,gym/fitness,2008-02-26,2014-12-01,0,3,6.8,0,0,0,0.104425777920069
781,871,accountancy,2013-01-08,2014-12-01,0,3,1.9,0,0,1,0.580374412388037
784,874,freelance developer,2011-08-31,2014-12-01,21,8,3.2,0,0,1,0.510706601605355
785,875,gym/fitness,2007-07-09,2014-12-01,0,12,7.4,0,0,0,0.0908084995497242
786,876,freelance developer,2010-10-19,2014-12-01,9,11,4.1,0,0,0,0.452793885783649
788,878,gym/fitness,2006-04-18,2014-12-01,0,1,8.6,0,0,0,0.0682789796203448
789,879,gym/fitness,2009-03-12,2014-12-01,0,16,5.7,0,0,0,0.134102477711192
790,880,gym/fitness,2009-03-08,2014-12-01,0,5,5.7,0,0,0,0.134102477711192
792,882,freelance developer,2007-08-25,2014-12-01,0,1,7.3,0,0,0,0.265989821170256
795,885,gym/fitness,2011-10-31,2014-12-01,2,1764,3.1,0,0,0,0.232490717282928
798,889,gym/fitness,2012-02-21,2014-12-01,0,4,2.8,0,0,0,0.246588032755727
799,890,gym/fitness,2012-12-18,2014-12-01,4,297,1.9,0,0,0,0.29221063471986
800,893,gym/fitness,2008-01-19,2014-12-01,0,21,6.9,0,0,0,0.102037224029939
801,894,gym/fitness,2003-05-06,2014-12-01,0,4,11.6,0,0,0,0.0326883163209219
802,896,accountancy,2010-12-31,2014-12-01,0,2,3.9,0,0,0,0.45221203003954
803,897,accountancy,2003-09-23,2014-12-01,0,30,11.2,0,0,0,0.111519693931423
804,898,freelance developer,2011-10-09,2014-12-01,0,35,3.1,0,0,1,0.517152102034302
805,900,gym/fitness,2010-03-06,2014-12-01,0,100,4.7,0,0,0,0.166986282034505
807,902,freelance developer,2007-06-14,2014-12-01,0,22,7.5,0,0,0,0.25603694507111
808,904,accountancy,2010-06-24,2014-12-01,0,20,4.4,0,0,0,0.420493206817221
809,905,accountancy,2007-02-17,2014-12-01,0,13,7.8,0,0,0,0.231825823609368
810,906,freelance developer,2008-03-08,2014-12-01,4,3,6.7,0,0,0,0.297287003126498
811,907,accountancy,2013-03-23,2014-12-01,1,5,1.7,0,0,1,0.59288755834557
812,908,freelance developer,2003-09-13,2014-12-01,0,3,11.2,0,0,0,0.116978654984795
817,913,gym/fitness,2007-11-22,2014-12-01,0,5,7,0,0,0,0.099697222096704
818,914,accountancy,2004-03-06,2014-12-01,0,6,10.7,0,0,0,0.124957437178533
820,916,gym/fitness,2013-11-18,2014-12-01,4,6,1,0,0,0,0.342437607770364
821,917,freelance developer,2009-01-04,2014-12-01,1,0,5.9,0,0,0,0.342126647529639
822,918,gym/fitness,2004-11-18,2014-12-01,0,6,10,0,0,0,0.0485836423642729
823,920,gym/fitness,2003-03-19,2014-12-01,0,264,11.7,0,0,0,0.0318822147980241
824,921,freelance developer,2007-05-20,2014-12-01,1,17,7.5,0,0,0,0.25603694507111
826,923,accountancy,2010-07-21,2014-12-01,0,10,4.4,0,0,0,0.420493206817221
827,924,freelance developer,2006-03-07,2014-12-01,0,17,8.7,0,0,0,0.201604174705005
828,925,gym/fitness,2009-08-08,2014-12-01,0,31,5.3,0,0,0,0.14654593929973
829,926,freelance developer,2012-03-01,2014-12-01,2,4,2.7,0,0,1,0.542855808928274
830,927,freelance developer,2008-08-19,2014-12-01,1,3,6.3,0,0,0,0.319289041882159
831,928,gym/fitness,2008-12-24,2014-12-01,0,1509,5.9,0,0,0,0.128222513776824
832,929,accountancy,2012-06-23,2014-12-01,0,11,2.4,0,0,1,0.548670064824235
833,930,gym/fitness,2011-10-22,2014-12-01,7,1,3.1,0,0,0,0.232490717282928
837,935,gym/fitness,2012-03-09,2014-12-01,0,337,2.7,0,0,0,0.251412941850328
838,936,freelance developer,2013-06-23,2014-12-01,0,4,1.4,0,0,1,0.624167663660593
839,937,gym/fitness,2008-01-19,2014-12-01,0,9,6.9,0,0,0,0.102037224029939
840,938,gym/fitness,2013-10-05,2014-12-01,2,51,1.2,0,0,0,0.330913807209355
841,939,freelance developer,2011-08-27,2014-12-01,1,4,3.3,0,0,1,0.50425753917544
842,940,gym/fitness,2011-06-12,2014-12-01,0,66,3.5,0,0,0,0.214584408836399
843,941,gym/fitness,2004-02-20,2014-12-01,0,6,10.8,0,0,0,0.0398838049077834
844,942,accountancy,2003-08-19,2014-12-01,0,9,11.3,0,0,0,0.108988625961744
845,943,gym/fitness,2008-09-09,2014-12-01,0,5,6.2,0,0,0,0.119815948924544
846,944,accountancy,2011-12-16,2014-12-01,13,19,3,0,0,1,0.510119702122508
848,946,gym/fitness,2005-02-25,2014-12-01,17,0,9.7,0,0,0,0.0522892902220137
850,948,accountancy,2006-03-24,2014-12-01,23,0,8.7,0,0,0,0.193059478785941
851,949,freelance developer,2013-03-26,2014-12-01,0,60,1.7,0,0,1,0.605842323697264
852,950,gym/fitness,2007-10-31,2014-12-01,1,12,7.1,0,0,0,0.0974050620294638
853,951,gym/fitness,2013-11-01,2014-12-01,0,3,1.1,0,0,0,0.336651423678066
854,952,freelance developer,2008-03-01,2014-12-01,1,2,6.7,0,0,0,0.297287003126498
855,953,gym/fitness,2005-01-04,2014-12-01,1,14,9.9,0,0,0,0.0497903008047971
856,954,gym/fitness,2010-10-24,2014-12-01,2,12,4.1,0,0,0,0.189644137641023
857,956,gym/fitness,2008-10-17,2014-12-01,7,0,6.1,0,0,0,0.122563874508505
858,957,freelance developer,2011-10-12,2014-12-01,8,0,3.1,0,0,1,0.517152102034302
859,958,gym/fitness,2012-05-01,2014-12-01,0,78,2.6,0,0,0,0.256300142310875
860,959,gym/fitness,2003-03-22,2014-12-01,0,15,11.7,0,0,0,0.0318822147980241
861,960,gym/fitness,2004-09-18,2014-12-01,0,107,10.2,0,0,0,0.046253108500741
862,961,accountancy,2011-02-06,2014-12-01,0,17,3.8,0,0,0,0.458611237255457
863,962,freelance developer,2009-06-27,2014-12-01,1,73,5.4,0,0,0,0.37172595906371
866,965,gym/fitness,2005-02-18,2014-12-01,0,2,9.8,0,0,0,0.0510253213978229
869,968,freelance developer,2010-12-30,2014-12-01,0,1,3.9,0,0,0,0.465608454978993
870,969,accountancy,2004-03-06,2014-12-01,1,5,10.7,0,0,0,0.124957437178533
871,970,gym/fitness,2003-10-03,2014-12-01,1,22,11.1,0,0,0,0.0370229666917781
872,971,gym/fitness,2008-10-18,2014-12-01,0,169,6.1,0,0,0,0.122563874508505
873,972,freelance developer,2013-10-05,2014-12-01,6,0,1.2,0,0,1,0.636193508276852
874,973,freelance developer,2006-02-09,2014-12-01,0,56,8.8,0,0,0,0.197482983521941
875,974,accountancy,2010-08-12,2014-12-01,5,19,4.3,0,0,0,0.42679327264956
876,975,gym/fitness,2006-01-19,2014-12-01,42,261,8.9,0,0,0,0.0635161163302171
878,977,freelance developer,2011-04-11,2014-12-01,0,1,3.6,0,0,0,0.484910436498949
881,980,gym/fitness,2008-05-02,2014-12-01,0,5,6.6,0,0,0,0.109351365032836
882,981,gym/fitness,2010-05-24,2014-12-01,47,1,4.5,0,0,0,0.174288470245609
884,983,freelance developer,2006-11-26,2014-12-01,434,134,8,0,0,0,0.232244334837704
885,984,accountancy,2013-10-03,2014-12-01,0,4,1.2,0,0,1,0.623616559035882
886,985,gym/fitness,2006-12-10,2014-12-01,0,23,8,0,0,0,0.078810671671308
887,986,accountancy,2009-05-18,2014-12-01,0,2,5.5,0,0,0,0.353297635683356
888,987,freelance developer,2010-06-18,2014-12-01,0,1,4.4,0,0,0,0.433693921146193
889,988,accountancy,2008-06-04,2014-12-01,33,10,6.5,0,0,0,0.296796593291897
890,989,accountancy,2011-12-02,2014-12-01,0,12,3,0,0,1,0.510119702122508
894,993,gym/fitness,2004-11-16,2014-12-01,14,34,10,0,0,0,0.0485836423642729
895,994,gym/fitness,2003-05-24,2014-12-01,0,17,11.5,0,0,0,0.0335140935484076
896,995,accountancy,2009-01-18,2014-12-01,0,73,5.9,0,0,0,0.330088493221864
898,997,gym/fitness,2010-06-21,2014-12-01,4,8,4.4,0,0,0,0.178033004969376
899,998,accountancy,2004-08-20,2014-12-01,1,2,10.3,0,0,0,0.136686275906185
900,999,freelance developer,2005-02-15,2014-12-01,3,25,9.8,0,0,0,0.159745285875519
901,1000,gym/fitness,2010-08-06,2014-12-01,0,17,4.3,0,0,0,0.181840272938545
